trial,testing,parameters,initial_deadline,final_deadline,net_reward,actions,success
1,False,"{'a': 0.7, 'e': 0.9801}",30,0,-247.74088731627498,"{0: 15, 1: 2, 2: 9, 3: 0, 4: 4}",0
2,False,"{'a': 0.7, 'e': 0.9702989999999999}",20,0,-116.67835128231195,"{0: 11, 1: 3, 2: 3, 3: 2, 4: 1}",0
3,False,"{'a': 0.7, 'e': 0.96059601}",25,0,-176.1242688641741,"{0: 11, 1: 4, 2: 7, 3: 1, 4: 2}",0
4,False,"{'a': 0.7, 'e': 0.9509900498999999}",35,0,-235.99340243773761,"{0: 18, 1: 5, 2: 5, 3: 5, 4: 2}",0
5,False,"{'a': 0.7, 'e': 0.9414801494009999}",25,0,-54.495742415199345,"{0: 18, 1: 2, 2: 4, 3: 1, 4: 0}",0
6,False,"{'a': 0.7, 'e': 0.9320653479069899}",25,0,-143.27971667505608,"{0: 15, 1: 2, 2: 5, 3: 1, 4: 2}",0
7,False,"{'a': 0.7, 'e': 0.92274469442792}",20,0,-178.7155839238923,"{0: 9, 1: 2, 2: 4, 3: 3, 4: 2}",0
8,False,"{'a': 0.7, 'e': 0.9135172474836407}",20,0,-68.1220875282035,"{0: 10, 1: 6, 2: 3, 3: 1, 4: 0}",0
9,False,"{'a': 0.7, 'e': 0.9043820750088043}",20,0,-91.50184666353525,"{0: 11, 1: 3, 2: 5, 3: 0, 4: 1}",0
10,False,"{'a': 0.7, 'e': 0.8953382542587163}",20,0,-122.72044288756291,"{0: 13, 1: 0, 2: 4, 3: 1, 4: 2}",0
11,False,"{'a': 0.7, 'e': 0.8863848717161291}",20,0,-106.11483248198535,"{0: 13, 1: 0, 2: 4, 3: 2, 4: 1}",0
12,False,"{'a': 0.7, 'e': 0.8775210229989678}",20,0,-129.42995385324747,"{0: 9, 1: 2, 2: 7, 3: 1, 4: 1}",0
13,False,"{'a': 0.7, 'e': 0.8687458127689781}",25,0,-96.05862316400612,"{0: 15, 1: 0, 2: 8, 3: 2, 4: 0}",0
14,False,"{'a': 0.7, 'e': 0.8600583546412883}",25,0,-68.73485043698606,"{0: 17, 1: 5, 2: 2, 3: 0, 4: 1}",0
15,False,"{'a': 0.7, 'e': 0.8514577710948754}",20,0,-68.34019979338655,"{0: 14, 1: 1, 2: 4, 3: 0, 4: 1}",0
16,False,"{'a': 0.7, 'e': 0.8429431933839266}",20,0,-96.81583893618996,"{0: 12, 1: 1, 2: 5, 3: 1, 4: 1}",0
17,False,"{'a': 0.7, 'e': 0.8345137614500874}",30,0,-86.05772925490116,"{0: 23, 1: 1, 2: 3, 3: 2, 4: 1}",0
18,False,"{'a': 0.7, 'e': 0.8261686238355865}",30,0,-92.70488459100427,"{0: 22, 1: 0, 2: 6, 3: 1, 4: 1}",0
19,False,"{'a': 0.7, 'e': 0.8179069375972307}",20,11,9.692821221489305,"{0: 8, 1: 0, 2: 1, 3: 0, 4: 0}",1
20,False,"{'a': 0.7, 'e': 0.8097278682212583}",25,0,-118.83555981358879,"{0: 16, 1: 2, 2: 5, 3: 0, 4: 2}",0
21,False,"{'a': 0.7, 'e': 0.8016305895390458}",20,8,-52.65291980357576,"{0: 8, 1: 1, 2: 2, 3: 0, 4: 1}",1
22,False,"{'a': 0.7, 'e': 0.7936142836436553}",30,0,-51.78159105254073,"{0: 23, 1: 2, 2: 3, 3: 2, 4: 0}",0
23,False,"{'a': 0.7, 'e': 0.7856781408072188}",30,0,-85.9245086654709,"{0: 18, 1: 7, 2: 3, 3: 2, 4: 0}",0
24,False,"{'a': 0.7, 'e': 0.7778213593991465}",30,0,-185.2554268656021,"{0: 16, 1: 4, 2: 6, 3: 2, 4: 2}",0
25,False,"{'a': 0.7, 'e': 0.7700431458051551}",25,0,-82.3748260004959,"{0: 16, 1: 3, 2: 5, 3: 0, 4: 1}",0
26,False,"{'a': 0.7, 'e': 0.7623427143471035}",20,0,-69.2959681375535,"{0: 13, 1: 1, 2: 4, 3: 2, 4: 0}",0
27,False,"{'a': 0.7, 'e': 0.7547192872036325}",20,2,-41.247528112467,"{0: 13, 1: 0, 2: 4, 3: 1, 4: 0}",1
28,False,"{'a': 0.7, 'e': 0.7471720943315961}",25,0,-62.05399582394153,"{0: 15, 1: 3, 2: 7, 3: 0, 4: 0}",0
29,False,"{'a': 0.7, 'e': 0.7397003733882802}",30,0,0.08065445636550606,"{0: 26, 1: 2, 2: 2, 3: 0, 4: 0}",0
30,False,"{'a': 0.7, 'e': 0.7323033696543974}",25,0,-97.2047566167783,"{0: 18, 1: 2, 2: 3, 3: 0, 4: 2}",0
31,False,"{'a': 0.7, 'e': 0.7249803359578534}",20,0,-98.63154290624657,"{0: 12, 1: 1, 2: 5, 3: 1, 4: 1}",0
32,False,"{'a': 0.7, 'e': 0.7177305325982748}",25,0,-70.76855772733815,"{0: 20, 1: 2, 2: 1, 3: 0, 4: 2}",0
33,False,"{'a': 0.7, 'e': 0.7105532272722921}",20,0,-52.98010254155167,"{0: 14, 1: 1, 2: 4, 3: 1, 4: 0}",0
34,False,"{'a': 0.7, 'e': 0.7034476949995692}",20,0,-101.7140638373714,"{0: 12, 1: 2, 2: 4, 3: 1, 4: 1}",0
35,False,"{'a': 0.7, 'e': 0.6964132180495735}",20,0,-141.62670247890733,"{0: 8, 1: 5, 2: 4, 3: 2, 4: 1}",0
36,False,"{'a': 0.7, 'e': 0.6894490858690777}",20,0,-52.13552640479678,"{0: 17, 1: 0, 2: 1, 3: 1, 4: 1}",0
37,False,"{'a': 0.7, 'e': 0.682554595010387}",30,0,-140.64775641861144,"{0: 17, 1: 1, 2: 10, 3: 1, 4: 1}",0
38,False,"{'a': 0.7, 'e': 0.6757290490602831}",20,0,-109.56602025159279,"{0: 11, 1: 1, 2: 6, 3: 1, 4: 1}",0
39,False,"{'a': 0.7, 'e': 0.6689717585696803}",20,0,-79.62000385019464,"{0: 16, 1: 0, 2: 2, 3: 0, 4: 2}",0
40,False,"{'a': 0.7, 'e': 0.6622820409839835}",20,15,3.0330052601045816,"{0: 4, 1: 1, 2: 0, 3: 0, 4: 0}",1
41,False,"{'a': 0.7, 'e': 0.6556592205741436}",20,0,-56.610679640890325,"{0: 13, 1: 2, 2: 4, 3: 1, 4: 0}",0
42,False,"{'a': 0.7, 'e': 0.6491026283684022}",20,1,-15.961006428948355,"{0: 15, 1: 2, 2: 1, 3: 1, 4: 0}",1
43,False,"{'a': 0.7, 'e': 0.6426116020847181}",20,0,-176.31547096237685,"{0: 12, 1: 1, 2: 3, 3: 0, 4: 4}",0
44,False,"{'a': 0.7, 'e': 0.6361854860638709}",20,0,-95.03331846588485,"{0: 13, 1: 0, 2: 5, 3: 1, 4: 1}",0
45,False,"{'a': 0.7, 'e': 0.6298236312032323}",30,0,-99.11146793068215,"{0: 21, 1: 2, 2: 5, 3: 1, 4: 1}",0
46,False,"{'a': 0.7, 'e': 0.6235253948912}",25,0,-58.65872163758077,"{0: 18, 1: 3, 2: 3, 3: 0, 4: 1}",0
47,False,"{'a': 0.7, 'e': 0.617290140942288}",25,0,-52.2123936079614,"{0: 19, 1: 2, 2: 3, 3: 0, 4: 1}",0
48,False,"{'a': 0.7, 'e': 0.6111172395328651}",20,0,27.13802966229041,"{0: 20, 1: 0, 2: 0, 3: 0, 4: 0}",0
49,False,"{'a': 0.7, 'e': 0.6050060671375365}",20,0,-100.37530273140399,"{0: 14, 1: 1, 2: 3, 3: 0, 4: 2}",0
50,False,"{'a': 0.7, 'e': 0.5989560064661611}",25,0,-173.57721342009057,"{0: 15, 1: 1, 2: 5, 3: 1, 4: 3}",0
51,False,"{'a': 0.7, 'e': 0.5929664464014994}",20,0,-34.10039651461176,"{0: 15, 1: 0, 2: 5, 3: 0, 4: 0}",0
52,False,"{'a': 0.7, 'e': 0.5870367819374844}",25,0,-29.362391059850403,"{0: 22, 1: 0, 2: 2, 3: 0, 4: 1}",0
53,False,"{'a': 0.7, 'e': 0.5811664141181095}",30,3,-127.99850912165427,"{0: 17, 1: 2, 2: 6, 3: 0, 4: 2}",1
54,False,"{'a': 0.7, 'e': 0.5753547499769285}",30,0,-147.18540260187302,"{0: 21, 1: 2, 2: 3, 3: 1, 4: 3}",0
55,False,"{'a': 0.7, 'e': 0.5696012024771592}",20,0,-31.093203618223566,"{0: 15, 1: 1, 2: 4, 3: 0, 4: 0}",0
56,False,"{'a': 0.7, 'e': 0.5639051904523876}",30,13,-8.33903612076936,"{0: 14, 1: 0, 2: 3, 3: 0, 4: 0}",1
57,False,"{'a': 0.7, 'e': 0.5582661385478638}",20,0,-77.90333580922733,"{0: 14, 1: 1, 2: 3, 3: 1, 4: 1}",0
58,False,"{'a': 0.7, 'e': 0.5526834771623851}",20,0,-66.06721327401735,"{0: 15, 1: 1, 2: 2, 3: 1, 4: 1}",0
59,False,"{'a': 0.7, 'e': 0.5471566423907612}",25,0,-66.39279828704957,"{0: 20, 1: 1, 2: 1, 3: 2, 4: 1}",0
60,False,"{'a': 0.7, 'e': 0.5416850759668536}",20,0,-85.97262408362312,"{0: 15, 1: 0, 2: 3, 3: 0, 4: 2}",0
61,False,"{'a': 0.7, 'e': 0.536268225207185}",20,2,6.727807956332212,"{0: 15, 1: 2, 2: 1, 3: 0, 4: 0}",1
62,False,"{'a': 0.7, 'e': 0.5309055429551132}",25,0,-96.51916921192836,"{0: 19, 1: 2, 2: 1, 3: 1, 4: 2}",0
63,False,"{'a': 0.7, 'e': 0.525596487525562}",30,13,7.0390849907417525,"{0: 15, 1: 0, 2: 2, 3: 0, 4: 0}",1
64,False,"{'a': 0.7, 'e': 0.5203405226503064}",20,0,-44.88004736431109,"{0: 16, 1: 2, 2: 1, 3: 0, 4: 1}",0
65,False,"{'a': 0.7, 'e': 0.5151371174238033}",20,0,-56.47762950399197,"{0: 15, 1: 2, 2: 1, 3: 1, 4: 1}",0
66,False,"{'a': 0.7, 'e': 0.5099857462495653}",25,5,-24.857707505422,"{0: 18, 1: 0, 2: 1, 3: 0, 4: 1}",1
67,False,"{'a': 0.7, 'e': 0.5048858887870696}",20,0,-46.06721458096314,"{0: 15, 1: 2, 2: 2, 3: 0, 4: 1}",1
68,False,"{'a': 0.7, 'e': 0.4998370298991989}",25,0,-49.473361841253706,"{0: 18, 1: 2, 2: 4, 3: 1, 4: 0}",0
69,False,"{'a': 0.7, 'e': 0.49483865960020695}",30,0,-99.9724176868009,"{0: 22, 1: 1, 2: 4, 3: 2, 4: 1}",0
70,False,"{'a': 0.7, 'e': 0.4898902730042049}",25,17,-23.877074168799478,"{0: 6, 1: 0, 2: 1, 3: 1, 4: 0}",1
71,False,"{'a': 0.7, 'e': 0.48499137027416284}",25,0,-14.262668438265507,"{0: 22, 1: 0, 2: 2, 3: 1, 4: 0}",0
72,False,"{'a': 0.7, 'e': 0.4801414565714212}",20,0,-40.22905324045943,"{0: 18, 1: 0, 2: 0, 3: 1, 4: 1}",0
73,False,"{'a': 0.7, 'e': 0.475340042005707}",20,0,-147.9643988998976,"{0: 13, 1: 0, 2: 3, 3: 1, 4: 3}",0
74,False,"{'a': 0.7, 'e': 0.47058664158564995}",30,20,-64.5221492675558,"{0: 8, 1: 0, 2: 0, 3: 0, 4: 2}",1
75,False,"{'a': 0.7, 'e': 0.4658807751697934}",25,14,-34.63105273786769,"{0: 9, 1: 0, 2: 1, 3: 0, 4: 1}",1
76,False,"{'a': 0.7, 'e': 0.4612219674180955}",20,0,-55.3001435312493,"{0: 16, 1: 1, 2: 1, 3: 1, 4: 1}",0
77,False,"{'a': 0.7, 'e': 0.45660974774391455}",30,0,-29.228535550909665,"{0: 27, 1: 0, 2: 2, 3: 0, 4: 1}",0
78,False,"{'a': 0.7, 'e': 0.4520436502664754}",25,0,-145.60700870348336,"{0: 14, 1: 2, 2: 6, 3: 1, 4: 2}",0
79,False,"{'a': 0.7, 'e': 0.44752321376381066}",20,0,-60.75193113427653,"{0: 15, 1: 2, 2: 1, 3: 1, 4: 1}",0
80,False,"{'a': 0.7, 'e': 0.44304798162617254}",20,5,-67.41343475788584,"{0: 12, 1: 0, 2: 1, 3: 0, 4: 2}",1
81,False,"{'a': 0.7, 'e': 0.4386175018099108}",25,0,-24.246055864744356,"{0: 19, 1: 1, 2: 5, 3: 0, 4: 0}",0
82,False,"{'a': 0.7, 'e': 0.4342313267918117}",25,2,-60.147132815160504,"{0: 18, 1: 1, 2: 2, 3: 1, 4: 1}",1
83,False,"{'a': 0.7, 'e': 0.4298890135238936}",25,13,-10.973387372644629,"{0: 9, 1: 0, 2: 3, 3: 0, 4: 0}",1
84,False,"{'a': 0.7, 'e': 0.42559012338865465}",20,0,-17.140004112103274,"{0: 16, 1: 2, 2: 1, 3: 1, 4: 0}",0
85,False,"{'a': 0.7, 'e': 0.4213342221547681}",30,0,-46.2303983156973,"{0: 24, 1: 2, 2: 3, 3: 0, 4: 1}",0
86,False,"{'a': 0.7, 'e': 0.41712087993322045}",25,7,-38.94275978615001,"{0: 15, 1: 0, 2: 2, 3: 0, 4: 1}",1
87,False,"{'a': 0.7, 'e': 0.41294967113388825}",25,0,28.948715971273742,"{0: 24, 1: 0, 2: 1, 3: 0, 4: 0}",0
88,False,"{'a': 0.7, 'e': 0.40882017442254937}",20,2,30.99384102032599,"{0: 18, 1: 0, 2: 0, 3: 0, 4: 0}",1
89,False,"{'a': 0.7, 'e': 0.4047319726783239}",30,16,1.533745157678802,"{0: 13, 1: 0, 2: 0, 3: 1, 4: 0}",1
90,False,"{'a': 0.7, 'e': 0.40068465295154065}",20,6,14.66366430860402,"{0: 13, 1: 0, 2: 1, 3: 0, 4: 0}",1
91,False,"{'a': 0.7, 'e': 0.39667780642202527}",25,5,-36.64869767393496,"{0: 15, 1: 0, 2: 4, 3: 1, 4: 0}",1
92,False,"{'a': 0.7, 'e': 0.392711028357805}",35,14,-61.74743498904087,"{0: 16, 1: 1, 2: 2, 3: 1, 4: 1}",1
93,False,"{'a': 0.7, 'e': 0.38878391807422696}",20,7,-2.7977220637689673,"{0: 11, 1: 1, 2: 0, 3: 1, 4: 0}",1
94,False,"{'a': 0.7, 'e': 0.3848960788934847}",25,0,-49.4382679843058,"{0: 18, 1: 0, 2: 7, 3: 0, 4: 0}",0
95,False,"{'a': 0.7, 'e': 0.38104711810454983}",35,7,-2.136105037118282,"{0: 23, 1: 2, 2: 3, 3: 0, 4: 0}",1
96,False,"{'a': 0.7, 'e': 0.37723664692350434}",30,5,-35.98902603372045,"{0: 19, 1: 1, 2: 4, 3: 1, 4: 0}",1
97,False,"{'a': 0.7, 'e': 0.37346428045426927}",20,6,4.143710857629345,"{0: 13, 1: 0, 2: 0, 3: 1, 4: 0}",1
98,False,"{'a': 0.7, 'e': 0.36972963764972655}",25,11,-20.714176245919013,"{0: 10, 1: 0, 2: 4, 3: 0, 4: 0}",1
99,False,"{'a': 0.7, 'e': 0.36603234127322926}",25,14,-8.242307427501226,"{0: 9, 1: 1, 2: 0, 3: 1, 4: 0}",1
100,False,"{'a': 0.7, 'e': 0.36237201786049694}",30,20,-41.86912156742285,"{0: 7, 1: 1, 2: 1, 3: 0, 4: 1}",1
101,False,"{'a': 0.7, 'e': 0.358748297681892}",25,0,-45.12040846751405,"{0: 20, 1: 1, 2: 3, 3: 0, 4: 1}",0
102,False,"{'a': 0.7, 'e': 0.35516081470507305}",25,12,5.79379725255542,"{0: 11, 1: 1, 2: 1, 3: 0, 4: 0}",1
103,False,"{'a': 0.7, 'e': 0.3516092065580223}",30,10,-2.7419631360733328,"{0: 18, 1: 0, 2: 1, 3: 1, 4: 0}",1
104,False,"{'a': 0.7, 'e': 0.34809311449244207}",35,6,-52.70713795252368,"{0: 24, 1: 0, 2: 3, 3: 1, 4: 1}",1
105,False,"{'a': 0.7, 'e': 0.34461218334751764}",30,20,17.78400441581368,"{0: 10, 1: 0, 2: 0, 3: 0, 4: 0}",1
106,False,"{'a': 0.7, 'e': 0.34116606151404244}",25,16,5.0429472127917,"{0: 8, 1: 0, 2: 1, 3: 0, 4: 0}",1
107,False,"{'a': 0.7, 'e': 0.337754400898902}",30,18,10.235380165024313,"{0: 11, 1: 0, 2: 1, 3: 0, 4: 0}",1
108,False,"{'a': 0.7, 'e': 0.334376856889913}",20,13,1.934777644169369,"{0: 6, 1: 0, 2: 1, 3: 0, 4: 0}",1
109,False,"{'a': 0.7, 'e': 0.33103308832101386}",35,14,-15.692726451894119,"{0: 19, 1: 1, 2: 0, 3: 0, 4: 1}",1
110,False,"{'a': 0.7, 'e': 0.3277227574378037}",30,7,-132.43469948097672,"{0: 15, 1: 3, 2: 2, 3: 0, 4: 3}",1
111,False,"{'a': 0.7, 'e': 0.3244455298634257}",20,0,-86.9942585063162,"{0: 15, 1: 1, 2: 2, 3: 0, 4: 2}",0
112,False,"{'a': 0.7, 'e': 0.3212010745647914}",25,15,-7.870023420084736,"{0: 8, 1: 0, 2: 2, 3: 0, 4: 0}",1
113,False,"{'a': 0.7, 'e': 0.3179890638191435}",25,16,1.9128634257749955,"{0: 8, 1: 0, 2: 1, 3: 0, 4: 0}",1
114,False,"{'a': 0.7, 'e': 0.31480917318095203}",20,2,20.258011483577405,"{0: 17, 1: 1, 2: 0, 3: 0, 4: 0}",1
115,False,"{'a': 0.7, 'e': 0.3116610814491425}",30,0,-40.53803283164966,"{0: 26, 1: 0, 2: 2, 3: 1, 4: 1}",0
116,False,"{'a': 0.7, 'e': 0.30854447063465107}",20,0,-16.255893589418065,"{0: 19, 1: 0, 2: 0, 3: 0, 4: 1}",0
117,False,"{'a': 0.7, 'e': 0.30545902592830454}",20,9,-6.0490410561373285,"{0: 9, 1: 0, 2: 2, 3: 0, 4: 0}",1
118,False,"{'a': 0.7, 'e': 0.3024044356690215}",20,0,3.888827608501974,"{0: 18, 1: 0, 2: 2, 3: 0, 4: 0}",0
119,False,"{'a': 0.7, 'e': 0.29938039131233124}",35,0,-101.27874866138265,"{0: 30, 1: 1, 2: 1, 3: 0, 4: 3}",0
120,False,"{'a': 0.7, 'e': 0.2963865873992079}",25,0,-12.303110366741045,"{0: 19, 1: 4, 2: 2, 3: 0, 4: 0}",0
121,False,"{'a': 0.7, 'e': 0.29342272152521587}",25,17,12.30553870527348,"{0: 8, 1: 0, 2: 0, 3: 0, 4: 0}",1
122,False,"{'a': 0.7, 'e': 0.2904884943099637}",25,0,-10.748481250968254,"{0: 20, 1: 3, 2: 2, 3: 0, 4: 0}",0
123,False,"{'a': 0.7, 'e': 0.28758360936686406}",30,7,-3.8594141232991444,"{0: 19, 1: 1, 2: 3, 3: 0, 4: 0}",1
124,False,"{'a': 0.7, 'e': 0.2847077732731954}",35,0,-19.458722340531317,"{0: 31, 1: 1, 2: 2, 3: 0, 4: 1}",0
125,False,"{'a': 0.7, 'e': 0.28186069554046345}",35,18,-43.11043827604903,"{0: 14, 1: 0, 2: 1, 3: 1, 4: 1}",1
126,False,"{'a': 0.7, 'e': 0.2790420885850588}",20,0,7.701187824529467,"{0: 17, 1: 2, 2: 1, 3: 0, 4: 0}",1
127,False,"{'a': 0.7, 'e': 0.2762516676992082}",25,8,16.04063963183995,"{0: 16, 1: 1, 2: 0, 3: 0, 4: 0}",1
128,False,"{'a': 0.7, 'e': 0.27348915102221616}",25,0,-31.727025902590178,"{0: 21, 1: 1, 2: 2, 3: 0, 4: 1}",0
129,False,"{'a': 0.7, 'e': 0.270754259511994}",20,0,-4.128299710287923,"{0: 18, 1: 0, 2: 1, 3: 1, 4: 0}",0
130,False,"{'a': 0.7, 'e': 0.26804671691687404}",20,0,18.348133991682072,"{0: 19, 1: 0, 2: 1, 3: 0, 4: 0}",0
131,False,"{'a': 0.7, 'e': 0.2653662497477053}",25,16,8.611392881181743,"{0: 8, 1: 1, 2: 0, 3: 0, 4: 0}",1
132,False,"{'a': 0.7, 'e': 0.2627125872502282}",25,0,-10.925678579848618,"{0: 21, 1: 1, 2: 3, 3: 0, 4: 0}",0
133,False,"{'a': 0.7, 'e': 0.2600854613777259}",25,2,-64.63418255254008,"{0: 17, 1: 1, 2: 3, 3: 1, 4: 1}",1
134,False,"{'a': 0.7, 'e': 0.2574846067639487}",20,0,-28.925251733982826,"{0: 17, 1: 2, 2: 0, 3: 0, 4: 1}",0
135,False,"{'a': 0.7, 'e': 0.2549097606963092}",30,22,11.173740798580873,"{0: 8, 1: 0, 2: 0, 3: 0, 4: 0}",1
136,False,"{'a': 0.7, 'e': 0.2523606630893461}",20,10,-35.69612475705667,"{0: 8, 1: 0, 2: 1, 3: 0, 4: 1}",1
137,False,"{'a': 0.7, 'e': 0.24983705645845267}",20,0,5.185552711030484,"{0: 18, 1: 0, 2: 2, 3: 0, 4: 0}",0
138,False,"{'a': 0.7, 'e': 0.24733868589386815}",25,17,2.5620242328893044,"{0: 7, 1: 0, 2: 1, 3: 0, 4: 0}",1
139,False,"{'a': 0.7, 'e': 0.24486529903492946}",25,16,-0.04527482299974306,"{0: 7, 1: 1, 2: 1, 3: 0, 4: 0}",1
140,False,"{'a': 0.7, 'e': 0.24241664604458016}",20,0,-23.71646979835757,"{0: 15, 1: 1, 2: 4, 3: 0, 4: 0}",0
141,False,"{'a': 0.7, 'e': 0.23999247958413436}",30,13,12.870942822083013,"{0: 16, 1: 0, 2: 0, 3: 1, 4: 0}",1
142,False,"{'a': 0.7, 'e': 0.23759255478829303}",25,12,19.889967558305017,"{0: 12, 1: 1, 2: 0, 3: 0, 4: 0}",1
143,False,"{'a': 0.7, 'e': 0.2352166292404101}",20,8,-15.432392607754748,"{0: 9, 1: 2, 2: 0, 3: 1, 4: 0}",1
144,False,"{'a': 0.7, 'e': 0.232864462948006}",25,11,23.803240045782857,"{0: 14, 1: 0, 2: 0, 3: 0, 4: 0}",1
145,False,"{'a': 0.7, 'e': 0.23053581831852593}",20,6,18.83138302028488,"{0: 14, 1: 0, 2: 0, 3: 0, 4: 0}",1
146,False,"{'a': 0.7, 'e': 0.22823046013534068}",30,14,21.265557830636176,"{0: 15, 1: 1, 2: 0, 3: 0, 4: 0}",1
147,False,"{'a': 0.7, 'e': 0.22594815553398728}",30,5,32.652291488850686,"{0: 24, 1: 1, 2: 0, 3: 0, 4: 0}",1
148,False,"{'a': 0.7, 'e': 0.22368867397864742}",30,9,-3.3875371146640028,"{0: 17, 1: 3, 2: 1, 3: 0, 4: 0}",1
149,False,"{'a': 0.7, 'e': 0.22145178723886094}",30,0,-61.357696038417515,"{0: 26, 1: 1, 2: 1, 3: 0, 4: 2}",0
150,False,"{'a': 0.7, 'e': 0.21923726936647234}",25,8,7.356636413549697,"{0: 15, 1: 0, 2: 2, 3: 0, 4: 0}",1
151,False,"{'a': 0.7, 'e': 0.2170448966728076}",25,18,-2.1842432488764234,"{0: 5, 1: 2, 2: 0, 3: 0, 4: 0}",1
152,False,"{'a': 0.7, 'e': 0.21487444770607952}",20,14,0.9262473760500047,"{0: 5, 1: 0, 2: 1, 3: 0, 4: 0}",1
153,False,"{'a': 0.7, 'e': 0.21272570322901874}",30,0,-3.1139239800033587,"{0: 27, 1: 0, 2: 2, 3: 1, 4: 0}",0
154,False,"{'a': 0.7, 'e': 0.21059844619672854}",25,0,20.736024527853008,"{0: 24, 1: 0, 2: 0, 3: 1, 4: 0}",0
155,False,"{'a': 0.7, 'e': 0.20849246173476127}",25,7,29.147717494411292,"{0: 18, 1: 0, 2: 0, 3: 0, 4: 0}",1
156,False,"{'a': 0.7, 'e': 0.20640753711741366}",20,0,-24.411240959182546,"{0: 18, 1: 0, 2: 1, 3: 0, 4: 1}",0
157,False,"{'a': 0.7, 'e': 0.20434346174623952}",25,5,-8.422601427331417,"{0: 19, 1: 0, 2: 0, 3: 0, 4: 1}",1
158,False,"{'a': 0.7, 'e': 0.20230002712877712}",25,14,-25.581520107300097,"{0: 10, 1: 0, 2: 0, 3: 0, 4: 1}",1
159,False,"{'a': 0.7, 'e': 0.20027702685748935}",25,0,-4.38501873984554,"{0: 24, 1: 0, 2: 0, 3: 0, 4: 1}",0
160,False,"{'a': 0.7, 'e': 0.19827425658891445}",25,11,23.665865407038293,"{0: 14, 1: 0, 2: 0, 3: 0, 4: 0}",1
161,False,"{'a': 0.7, 'e': 0.1962915140230253}",25,7,8.766934408424884,"{0: 16, 1: 0, 2: 2, 3: 0, 4: 0}",1
162,False,"{'a': 0.7, 'e': 0.19432859888279505}",20,14,-2.1089131125721874,"{0: 5, 1: 0, 2: 1, 3: 0, 4: 0}",1
163,False,"{'a': 0.7, 'e': 0.1923853128939671}",25,14,8.21087075750263,"{0: 10, 1: 0, 2: 1, 3: 0, 4: 0}",1
164,False,"{'a': 0.7, 'e': 0.19046145976502743}",25,13,11.93844066222671,"{0: 11, 1: 0, 2: 1, 3: 0, 4: 0}",1
165,False,"{'a': 0.7, 'e': 0.18855684516737714}",20,3,12.569347971833547,"{0: 15, 1: 2, 2: 0, 3: 0, 4: 0}",1
166,False,"{'a': 0.7, 'e': 0.18667127671570335}",25,17,-5.442698657703316,"{0: 7, 1: 0, 2: 0, 3: 1, 4: 0}",1
167,False,"{'a': 0.7, 'e': 0.18480456394854633}",25,0,36.27373075434102,"{0: 25, 1: 0, 2: 0, 3: 0, 4: 0}",0
168,False,"{'a': 0.7, 'e': 0.18295651830906087}",25,0,-37.84903230000536,"{0: 21, 1: 2, 2: 1, 3: 0, 4: 1}",1
169,False,"{'a': 0.7, 'e': 0.18112695312597027}",30,20,-3.470601647246826,"{0: 9, 1: 0, 2: 0, 3: 1, 4: 0}",1
170,False,"{'a': 0.7, 'e': 0.17931568359471056}",25,6,7.186773443001789,"{0: 17, 1: 0, 2: 2, 3: 0, 4: 0}",1
171,False,"{'a': 0.7, 'e': 0.17752252675876345}",25,5,36.48716308817751,"{0: 20, 1: 0, 2: 0, 3: 0, 4: 0}",1
172,False,"{'a': 0.7, 'e': 0.17574730149117582}",30,2,37.92457664646334,"{0: 27, 1: 1, 2: 0, 3: 0, 4: 0}",1
173,False,"{'a': 0.7, 'e': 0.17398982847626407}",20,15,5.0494782474793665,"{0: 4, 1: 1, 2: 0, 3: 0, 4: 0}",1
174,False,"{'a': 0.7, 'e': 0.17224993019150142}",20,1,31.200982881190253,"{0: 19, 1: 0, 2: 0, 3: 0, 4: 0}",1
175,False,"{'a': 0.7, 'e': 0.1705274308895864}",20,0,-17.791960160180434,"{0: 19, 1: 0, 2: 0, 3: 0, 4: 1}",0
176,False,"{'a': 0.7, 'e': 0.16882215658069055}",20,0,18.682906712041,"{0: 18, 1: 2, 2: 0, 3: 0, 4: 0}",0
177,False,"{'a': 0.7, 'e': 0.16713393501488363}",20,11,17.578864897149057,"{0: 9, 1: 0, 2: 0, 3: 0, 4: 0}",1
178,False,"{'a': 0.7, 'e': 0.16546259566473479}",20,8,11.070450191364321,"{0: 11, 1: 0, 2: 1, 3: 0, 4: 0}",1
179,False,"{'a': 0.7, 'e': 0.16380796970808745}",25,7,-22.87621493944638,"{0: 16, 1: 0, 2: 1, 3: 0, 4: 1}",1
180,False,"{'a': 0.7, 'e': 0.16216989001100657}",25,13,19.489447654441648,"{0: 12, 1: 0, 2: 0, 3: 0, 4: 0}",1
181,False,"{'a': 0.7, 'e': 0.1605481911108965}",20,16,7.1423796965119095,"{0: 4, 1: 0, 2: 0, 3: 0, 4: 0}",1
182,False,"{'a': 0.7, 'e': 0.15894270919978754}",25,6,10.646704855678914,"{0: 18, 1: 0, 2: 0, 3: 1, 4: 0}",1
183,False,"{'a': 0.7, 'e': 0.15735328210778965}",30,7,16.0262207295587,"{0: 21, 1: 0, 2: 2, 3: 0, 4: 0}",1
184,False,"{'a': 0.7, 'e': 0.15577974928671176}",25,9,16.570205709202245,"{0: 15, 1: 1, 2: 0, 3: 0, 4: 0}",1
185,False,"{'a': 0.7, 'e': 0.15422195179384465}",20,2,28.93506167763233,"{0: 18, 1: 0, 2: 0, 3: 0, 4: 0}",1
186,False,"{'a': 0.7, 'e': 0.1526797322759062}",30,18,7.490890861214682,"{0: 11, 1: 0, 2: 1, 3: 0, 4: 0}",1
187,False,"{'a': 0.7, 'e': 0.15115293495314713}",25,8,15.462278213530372,"{0: 16, 1: 0, 2: 1, 3: 0, 4: 0}",1
188,False,"{'a': 0.7, 'e': 0.14964140560361566}",20,11,-24.43958207027599,"{0: 8, 1: 0, 2: 0, 3: 0, 4: 1}",1
189,False,"{'a': 0.7, 'e': 0.1481449915475795}",30,17,26.25062562233341,"{0: 13, 1: 0, 2: 0, 3: 0, 4: 0}",1
190,False,"{'a': 0.7, 'e': 0.1466635416321037}",25,11,23.914750158285482,"{0: 14, 1: 0, 2: 0, 3: 0, 4: 0}",1
191,False,"{'a': 0.7, 'e': 0.14519690621578268}",30,12,26.44726088904449,"{0: 18, 1: 0, 2: 0, 3: 0, 4: 0}",1
192,False,"{'a': 0.7, 'e': 0.14374493715362485}",20,8,7.707373494460091,"{0: 11, 1: 0, 2: 1, 3: 0, 4: 0}",1
193,False,"{'a': 0.7, 'e': 0.1423074877820886}",35,0,33.76361585204907,"{0: 33, 1: 1, 2: 1, 3: 0, 4: 0}",0
194,False,"{'a': 0.7, 'e': 0.1408844129042677}",20,0,-4.907964638474556,"{0: 18, 1: 0, 2: 1, 3: 1, 4: 0}",0
195,False,"{'a': 0.7, 'e': 0.13947556877522502}",30,23,11.392928167855814,"{0: 7, 1: 0, 2: 0, 3: 0, 4: 0}",1
196,False,"{'a': 0.7, 'e': 0.13808081308747278}",30,16,7.356861367352692,"{0: 12, 1: 1, 2: 1, 3: 0, 4: 0}",1
197,False,"{'a': 0.7, 'e': 0.13670000495659804}",20,12,16.72919869698092,"{0: 8, 1: 0, 2: 0, 3: 0, 4: 0}",1
198,False,"{'a': 0.7, 'e': 0.13533300490703207}",20,11,19.36193212928215,"{0: 9, 1: 0, 2: 0, 3: 0, 4: 0}",1
199,False,"{'a': 0.7, 'e': 0.13397967485796175}",30,20,-36.66459533053532,"{0: 8, 1: 0, 2: 1, 3: 0, 4: 1}",1
200,False,"{'a': 0.7, 'e': 0.13263987810938213}",30,16,7.897629288613689,"{0: 13, 1: 0, 2: 1, 3: 0, 4: 0}",1
201,False,"{'a': 0.7, 'e': 0.1313134793282883}",20,14,10.87723022535372,"{0: 6, 1: 0, 2: 0, 3: 0, 4: 0}",1
202,False,"{'a': 0.7, 'e': 0.13000034453500542}",25,6,29.3089307263348,"{0: 18, 1: 1, 2: 0, 3: 0, 4: 0}",1
203,False,"{'a': 0.7, 'e': 0.12870034108965536}",20,0,-11.201605841571933,"{0: 18, 1: 1, 2: 0, 3: 0, 4: 1}",0
204,False,"{'a': 0.7, 'e': 0.12741333767875881}",20,8,-7.780510846013394,"{0: 9, 1: 1, 2: 2, 3: 0, 4: 0}",1
205,False,"{'a': 0.7, 'e': 0.12613920430197123}",20,0,-22.66555962198315,"{0: 18, 1: 0, 2: 1, 3: 0, 4: 1}",0
206,False,"{'a': 0.7, 'e': 0.12487781225895152}",20,8,17.154775027307267,"{0: 12, 1: 0, 2: 0, 3: 0, 4: 0}",1
207,False,"{'a': 0.7, 'e': 0.123629034136362}",30,17,22.91805730085574,"{0: 13, 1: 0, 2: 0, 3: 0, 4: 0}",1
208,False,"{'a': 0.7, 'e': 0.12239274379499838}",20,9,-15.054609504623365,"{0: 9, 1: 0, 2: 1, 3: 1, 4: 0}",1
209,False,"{'a': 0.7, 'e': 0.1211688163570484}",20,15,9.06119113374099,"{0: 5, 1: 0, 2: 0, 3: 0, 4: 0}",1
210,False,"{'a': 0.7, 'e': 0.11995712819347792}",30,22,15.104808861330117,"{0: 8, 1: 0, 2: 0, 3: 0, 4: 0}",1
211,False,"{'a': 0.7, 'e': 0.11875755691154315}",25,5,-23.404750908150625,"{0: 18, 1: 0, 2: 1, 3: 0, 4: 1}",1
212,False,"{'a': 0.7, 'e': 0.11756998134242772}",20,0,16.068714059069595,"{0: 19, 1: 0, 2: 1, 3: 0, 4: 0}",0
213,False,"{'a': 0.7, 'e': 0.11639428152900344}",25,11,14.572716171065622,"{0: 13, 1: 0, 2: 1, 3: 0, 4: 0}",1
214,False,"{'a': 0.7, 'e': 0.11523033871371341}",20,8,23.278853830181568,"{0: 12, 1: 0, 2: 0, 3: 0, 4: 0}",1
215,False,"{'a': 0.7, 'e': 0.11407803532657627}",30,11,35.140533767386415,"{0: 19, 1: 0, 2: 0, 3: 0, 4: 0}",1
216,False,"{'a': 0.7, 'e': 0.11293725497331052}",20,0,7.09067997463524,"{0: 18, 1: 0, 2: 2, 3: 0, 4: 0}",0
217,False,"{'a': 0.7, 'e': 0.1118078824235774}",20,0,18.50828017495172,"{0: 19, 1: 0, 2: 1, 3: 0, 4: 0}",0
218,False,"{'a': 0.7, 'e': 0.11068980359934164}",20,15,9.070883319928615,"{0: 5, 1: 0, 2: 0, 3: 0, 4: 0}",1
219,False,"{'a': 0.7, 'e': 0.10958290556334822}",20,3,17.018241998444733,"{0: 16, 1: 0, 2: 1, 3: 0, 4: 0}",1
220,False,"{'a': 0.7, 'e': 0.10848707650771475}",20,15,1.7790408610585688,"{0: 4, 1: 1, 2: 0, 3: 0, 4: 0}",1
221,False,"{'a': 0.7, 'e': 0.1074022057426376}",25,11,25.735889828574777,"{0: 14, 1: 0, 2: 0, 3: 0, 4: 0}",1
222,False,"{'a': 0.7, 'e': 0.10632818368521123}",20,1,2.460073739498029,"{0: 16, 1: 1, 2: 2, 3: 0, 4: 0}",1
223,False,"{'a': 0.7, 'e': 0.10526490184835911}",20,14,8.124751046945168,"{0: 6, 1: 0, 2: 0, 3: 0, 4: 0}",1
224,False,"{'a': 0.7, 'e': 0.10421225282987552}",30,19,11.633155034647512,"{0: 10, 1: 1, 2: 0, 3: 0, 4: 0}",1
225,False,"{'a': 0.7, 'e': 0.10317013030157676}",35,7,31.057017521687627,"{0: 27, 1: 1, 2: 0, 3: 0, 4: 0}",1
226,False,"{'a': 0.7, 'e': 0.10213842899856099}",25,0,37.643403958549165,"{0: 25, 1: 0, 2: 0, 3: 0, 4: 0}",0
227,False,"{'a': 0.7, 'e': 0.10111704470857538}",30,10,11.100021940998138,"{0: 18, 1: 1, 2: 1, 3: 0, 4: 0}",1
228,False,"{'a': 0.7, 'e': 0.10010587426148963}",25,19,10.572817536577645,"{0: 6, 1: 0, 2: 0, 3: 0, 4: 0}",1
229,False,"{'a': 0.7, 'e': 0.09910481551887473}",20,1,-0.1480113502344842,"{0: 16, 1: 1, 2: 2, 3: 0, 4: 0}",1
230,False,"{'a': 0.7, 'e': 0.09811376736368599}",25,10,-27.334955169265903,"{0: 13, 1: 0, 2: 1, 3: 0, 4: 1}",1
231,False,"{'a': 0.7, 'e': 0.09713262969004913}",25,8,-10.04623326719229,"{0: 14, 1: 1, 2: 1, 3: 1, 4: 0}",1
232,False,"{'a': 0.7, 'e': 0.09616130339314863}",25,5,20.200902098024475,"{0: 19, 1: 0, 2: 1, 3: 0, 4: 0}",1
233,False,"{'a': 0.7, 'e': 0.09519969035921715}",20,4,14.858137872104813,"{0: 15, 1: 1, 2: 0, 3: 0, 4: 0}",1
234,False,"{'a': 0.7, 'e': 0.09424769345562498}",25,0,23.910456574898614,"{0: 24, 1: 0, 2: 1, 3: 0, 4: 0}",0
235,False,"{'a': 0.7, 'e': 0.09330521652106873}",25,11,-28.841442232059293,"{0: 12, 1: 0, 2: 1, 3: 0, 4: 1}",1
236,False,"{'a': 0.7, 'e': 0.09237216435585804}",25,7,30.795594299297697,"{0: 18, 1: 0, 2: 0, 3: 0, 4: 0}",1
237,False,"{'a': 0.7, 'e': 0.09144844271229946}",30,0,-37.23631451234511,"{0: 28, 1: 0, 2: 0, 3: 0, 4: 2}",0
238,False,"{'a': 0.7, 'e': 0.09053395828517646}",30,3,38.46511213551822,"{0: 27, 1: 0, 2: 0, 3: 0, 4: 0}",1
239,False,"{'a': 0.7, 'e': 0.08962861870232469}",25,20,7.311852758339997,"{0: 5, 1: 0, 2: 0, 3: 0, 4: 0}",1
240,False,"{'a': 0.7, 'e': 0.08873233251530144}",20,6,3.7928618488594807,"{0: 12, 1: 1, 2: 1, 3: 0, 4: 0}",1
241,False,"{'a': 0.7, 'e': 0.08784500919014843}",20,9,-30.17887778210748,"{0: 9, 1: 1, 2: 0, 3: 0, 4: 1}",1
242,False,"{'a': 0.7, 'e': 0.08696655909824694}",20,8,24.16225698447322,"{0: 12, 1: 0, 2: 0, 3: 0, 4: 0}",1
243,False,"{'a': 0.7, 'e': 0.08609689350726446}",20,2,26.483890506873266,"{0: 18, 1: 0, 2: 0, 3: 0, 4: 0}",1
244,False,"{'a': 0.7, 'e': 0.08523592457219181}",20,13,13.446107772437522,"{0: 7, 1: 0, 2: 0, 3: 0, 4: 0}",1
245,False,"{'a': 0.7, 'e': 0.0843835653264699}",30,16,23.98863132516554,"{0: 14, 1: 0, 2: 0, 3: 0, 4: 0}",1
246,False,"{'a': 0.7, 'e': 0.0835397296732052}",20,5,-14.911996648177555,"{0: 14, 1: 0, 2: 0, 3: 0, 4: 1}",1
247,False,"{'a': 0.7, 'e': 0.08270433237647315}",20,3,-14.249866623406305,"{0: 16, 1: 0, 2: 0, 3: 0, 4: 1}",1
248,False,"{'a': 0.7, 'e': 0.08187728905270841}",20,11,14.366507456540884,"{0: 9, 1: 0, 2: 0, 3: 0, 4: 0}",1
249,False,"{'a': 0.7, 'e': 0.08105851616218133}",25,11,24.12448235529997,"{0: 14, 1: 0, 2: 0, 3: 0, 4: 0}",1
250,False,"{'a': 0.7, 'e': 0.08024793100055952}",30,18,-18.702721176313627,"{0: 11, 1: 0, 2: 0, 3: 0, 4: 1}",1
251,False,"{'a': 0.7, 'e': 0.07944545169055392}",20,8,9.8681449447811,"{0: 11, 1: 0, 2: 1, 3: 0, 4: 0}",1
252,False,"{'a': 0.7, 'e': 0.07865099717364837}",35,7,15.034371269777552,"{0: 26, 1: 0, 2: 1, 3: 1, 4: 0}",1
253,False,"{'a': 0.7, 'e': 0.07786448720191189}",25,12,25.49079330441915,"{0: 13, 1: 0, 2: 0, 3: 0, 4: 0}",1
254,False,"{'a': 0.7, 'e': 0.07708584232989277}",20,15,-5.3894456729078515,"{0: 4, 1: 0, 2: 1, 3: 0, 4: 0}",1
255,False,"{'a': 0.7, 'e': 0.07631498390659384}",35,20,30.536106658602677,"{0: 15, 1: 0, 2: 0, 3: 0, 4: 0}",1
256,False,"{'a': 0.7, 'e': 0.07555183406752791}",20,7,23.134580152726713,"{0: 13, 1: 0, 2: 0, 3: 0, 4: 0}",1
257,False,"{'a': 0.7, 'e': 0.07479631572685264}",30,12,11.064347575303875,"{0: 17, 1: 0, 2: 0, 3: 1, 4: 0}",1
258,False,"{'a': 0.7, 'e': 0.07404835256958411}",25,0,39.396850337438565,"{0: 25, 1: 0, 2: 0, 3: 0, 4: 0}",0
259,False,"{'a': 0.7, 'e': 0.07330786904388827}",25,3,20.548788113913815,"{0: 20, 1: 2, 2: 0, 3: 0, 4: 0}",1
260,False,"{'a': 0.7, 'e': 0.07257479035344938}",25,2,-2.265182649494827,"{0: 22, 1: 0, 2: 0, 3: 0, 4: 1}",1
261,False,"{'a': 0.7, 'e': 0.07184904244991488}",20,8,9.656141502841798,"{0: 11, 1: 0, 2: 1, 3: 0, 4: 0}",1
262,False,"{'a': 0.7, 'e': 0.07113055202541574}",30,8,15.385212999925844,"{0: 21, 1: 0, 2: 0, 3: 1, 4: 0}",1
263,False,"{'a': 0.7, 'e': 0.07041924650516158}",20,11,14.081526780769808,"{0: 9, 1: 0, 2: 0, 3: 0, 4: 0}",1
264,False,"{'a': 0.7, 'e': 0.06971505404010997}",25,11,17.31990339322182,"{0: 13, 1: 0, 2: 1, 3: 0, 4: 0}",1
265,False,"{'a': 0.7, 'e': 0.06901790349970886}",35,9,30.388168174950454,"{0: 25, 1: 0, 2: 1, 3: 0, 4: 0}",1
266,False,"{'a': 0.7, 'e': 0.06832772446471178}",20,3,1.011685876865674,"{0: 15, 1: 0, 2: 2, 3: 0, 4: 0}",1
267,False,"{'a': 0.7, 'e': 0.06764444722006466}",20,4,-17.103196557663296,"{0: 15, 1: 0, 2: 0, 3: 0, 4: 1}",1
268,False,"{'a': 0.7, 'e': 0.066968002747864}",25,16,-22.320755833236756,"{0: 8, 1: 0, 2: 0, 3: 0, 4: 1}",1
269,False,"{'a': 0.7, 'e': 0.06629832272038537}",25,0,16.033825687278604,"{0: 24, 1: 0, 2: 0, 3: 1, 4: 0}",0
270,False,"{'a': 0.7, 'e': 0.06563533949318151}",20,0,-9.97836452204588,"{0: 19, 1: 0, 2: 0, 3: 0, 4: 1}",0
271,False,"{'a': 0.7, 'e': 0.06497898609824969}",25,12,9.09133638873805,"{0: 12, 1: 0, 2: 1, 3: 0, 4: 0}",1
272,False,"{'a': 0.7, 'e': 0.0643291962372672}",20,2,-12.723465666119067,"{0: 17, 1: 0, 2: 0, 3: 0, 4: 1}",1
273,False,"{'a': 0.7, 'e': 0.06368590427489453}",25,3,35.78587032953286,"{0: 22, 1: 0, 2: 0, 3: 0, 4: 0}",1
274,False,"{'a': 0.7, 'e': 0.06304904523214558}",25,19,11.079022512262348,"{0: 6, 1: 0, 2: 0, 3: 0, 4: 0}",1
275,False,"{'a': 0.7, 'e': 0.06241855477982412}",20,3,28.675788538791572,"{0: 17, 1: 0, 2: 0, 3: 0, 4: 0}",1
276,False,"{'a': 0.7, 'e': 0.06179436923202588}",25,13,-29.998688559185045,"{0: 10, 1: 0, 2: 1, 3: 0, 4: 1}",1
277,False,"{'a': 0.7, 'e': 0.06117642553970562}",25,11,2.4617441092316668,"{0: 13, 1: 0, 2: 0, 3: 1, 4: 0}",1
278,False,"{'a': 0.7, 'e': 0.06056466128430856}",25,15,-4.697287463585766,"{0: 8, 1: 0, 2: 2, 3: 0, 4: 0}",1
279,False,"{'a': 0.7, 'e': 0.05995901467146548}",20,14,10.412684255491875,"{0: 6, 1: 0, 2: 0, 3: 0, 4: 0}",1
280,False,"{'a': 0.7, 'e': 0.05935942452475082}",25,10,26.064943182335142,"{0: 15, 1: 0, 2: 0, 3: 0, 4: 0}",1
281,False,"{'a': 0.7, 'e': 0.058765830279503314}",20,3,30.04639397832148,"{0: 17, 1: 0, 2: 0, 3: 0, 4: 0}",1
282,False,"{'a': 0.7, 'e': 0.05817817197670828}",30,21,18.043114512622232,"{0: 9, 1: 0, 2: 0, 3: 0, 4: 0}",1
283,False,"{'a': 0.7, 'e': 0.057596390256941195}",20,11,19.17295583009553,"{0: 9, 1: 0, 2: 0, 3: 0, 4: 0}",1
284,False,"{'a': 0.7, 'e': 0.05702042635437178}",25,7,32.816171115572,"{0: 18, 1: 0, 2: 0, 3: 0, 4: 0}",1
285,False,"{'a': 0.7, 'e': 0.05645022209082806}",25,13,27.460663596661984,"{0: 12, 1: 0, 2: 0, 3: 0, 4: 0}",1
286,False,"{'a': 0.7, 'e': 0.05588571986991978}",20,15,10.206764418890792,"{0: 5, 1: 0, 2: 0, 3: 0, 4: 0}",1
287,False,"{'a': 0.7, 'e': 0.055326862671220584}",30,22,16.826603267469945,"{0: 8, 1: 0, 2: 0, 3: 0, 4: 0}",1
288,False,"{'a': 0.7, 'e': 0.05477359404450838}",25,11,26.534604853768283,"{0: 14, 1: 0, 2: 0, 3: 0, 4: 0}",1
289,False,"{'a': 0.7, 'e': 0.054225858104063294}",20,0,31.345262784462097,"{0: 20, 1: 0, 2: 0, 3: 0, 4: 0}",0
290,False,"{'a': 0.7, 'e': 0.05368359952302266}",20,11,-6.720665028354327,"{0: 8, 1: 0, 2: 0, 3: 1, 4: 0}",1
291,False,"{'a': 0.7, 'e': 0.053146763527792434}",30,17,25.493756412424737,"{0: 13, 1: 0, 2: 0, 3: 0, 4: 0}",1
292,False,"{'a': 0.7, 'e': 0.052615295892514506}",25,14,20.58263424008609,"{0: 11, 1: 0, 2: 0, 3: 0, 4: 0}",1
293,False,"{'a': 0.7, 'e': 0.052089142933589364}",30,14,26.732587594918726,"{0: 16, 1: 0, 2: 0, 3: 0, 4: 0}",1
294,False,"{'a': 0.7, 'e': 0.05156825150425347}",25,3,24.477120202474104,"{0: 21, 1: 0, 2: 1, 3: 0, 4: 0}",1
295,False,"{'a': 0.7, 'e': 0.051052568989210935}",25,4,29.68540907485341,"{0: 21, 1: 0, 2: 0, 3: 0, 4: 0}",1
296,False,"{'a': 0.7, 'e': 0.05054204329931883}",20,12,12.805748256030332,"{0: 8, 1: 0, 2: 0, 3: 0, 4: 0}",1
297,False,"{'a': 0.7, 'e': 0.05003662286632564}",30,8,21.7270610030061,"{0: 21, 1: 0, 2: 1, 3: 0, 4: 0}",1
298,False,"{'a': 0.7, 'e': 0.04953625663766238}",20,9,19.07157007545657,"{0: 11, 1: 0, 2: 0, 3: 0, 4: 0}",1
1,True,"{'a': 0, 'e': 0}",30,16,27.373228423127642,"{0: 14, 1: 0, 2: 0, 3: 0, 4: 0}",1
2,True,"{'a': 0, 'e': 0}",20,8,15.385046787612243,"{0: 12, 1: 0, 2: 0, 3: 0, 4: 0}",1
3,True,"{'a': 0, 'e': 0}",25,17,15.175170927128558,"{0: 8, 1: 0, 2: 0, 3: 0, 4: 0}",1
4,True,"{'a': 0, 'e': 0}",25,14,21.234923924246058,"{0: 11, 1: 0, 2: 0, 3: 0, 4: 0}",1
5,True,"{'a': 0, 'e': 0}",30,19,18.922444990967865,"{0: 11, 1: 0, 2: 0, 3: 0, 4: 0}",1
6,True,"{'a': 0, 'e': 0}",25,15,16.88034328465764,"{0: 10, 1: 0, 2: 0, 3: 0, 4: 0}",1
7,True,"{'a': 0, 'e': 0}",25,9,28.70383609488578,"{0: 16, 1: 0, 2: 0, 3: 0, 4: 0}",1
8,True,"{'a': 0, 'e': 0}",20,12,16.482825553775573,"{0: 8, 1: 0, 2: 0, 3: 0, 4: 0}",1
9,True,"{'a': 0, 'e': 0}",25,2,36.377991206941985,"{0: 23, 1: 0, 2: 0, 3: 0, 4: 0}",1
10,True,"{'a': 0, 'e': 0}",25,17,17.755672818822124,"{0: 8, 1: 0, 2: 0, 3: 0, 4: 0}",1
